CREATE DATABASE  IF NOT EXISTS `terralis` /*!40100 DEFAULT CHARACTER SET utf8mb4 COLLATE utf8mb4_0900_ai_ci */ /*!80016 DEFAULT ENCRYPTION='N' */;
USE `terralis`;
-- MySQL dump 10.13  Distrib 8.0.22, for Win64 (x86_64)
--
-- Host: localhost    Database: terralis
-- ------------------------------------------------------
-- Server version	8.0.22

/*!40101 SET @OLD_CHARACTER_SET_CLIENT=@@CHARACTER_SET_CLIENT */;
/*!40101 SET @OLD_CHARACTER_SET_RESULTS=@@CHARACTER_SET_RESULTS */;
/*!40101 SET @OLD_COLLATION_CONNECTION=@@COLLATION_CONNECTION */;
/*!50503 SET NAMES utf8 */;
/*!40103 SET @OLD_TIME_ZONE=@@TIME_ZONE */;
/*!40103 SET TIME_ZONE='+00:00' */;
/*!40014 SET @OLD_UNIQUE_CHECKS=@@UNIQUE_CHECKS, UNIQUE_CHECKS=0 */;
/*!40014 SET @OLD_FOREIGN_KEY_CHECKS=@@FOREIGN_KEY_CHECKS, FOREIGN_KEY_CHECKS=0 */;
/*!40101 SET @OLD_SQL_MODE=@@SQL_MODE, SQL_MODE='NO_AUTO_VALUE_ON_ZERO' */;
/*!40111 SET @OLD_SQL_NOTES=@@SQL_NOTES, SQL_NOTES=0 */;

--
-- Table structure for table `alternativa`
--

DROP TABLE IF EXISTS `alternativa`;
/*!40101 SET @saved_cs_client     = @@character_set_client */;
/*!50503 SET character_set_client = utf8mb4 */;
CREATE TABLE `alternativa` (
  `id_alternativa` int NOT NULL AUTO_INCREMENT,
  `texto` blob NOT NULL,
  `veracidade` tinyint(1) NOT NULL,
  `id_questao` int NOT NULL,
  PRIMARY KEY (`id_alternativa`),
  KEY `id_questao` (`id_questao`),
  CONSTRAINT `alternativa_ibfk_1` FOREIGN KEY (`id_questao`) REFERENCES `questao` (`id_questao`)
) ENGINE=InnoDB AUTO_INCREMENT=479 DEFAULT CHARSET=utf8mb4 COLLATE=utf8mb4_0900_ai_ci;
/*!40101 SET character_set_client = @saved_cs_client */;

--
-- Dumping data for table `alternativa`
--

LOCK TABLES `alternativa` WRITE;
/*!40000 ALTER TABLE `alternativa` DISABLE KEYS */;
INSERT INTO `alternativa` VALUES (1,_binary 'a) sistemas, organelas celulares, órgãos, tecidos e células.',0,1),(2,_binary 'b) células, tecidos, organelas celulares, órgãos e sistemas.',0,1),(3,_binary 'c) órgãos, sistemas, tecidos, células e organelas celulares.',0,1),(4,_binary 'd) organelas celulares, células, tecidos, órgãos e sistemas.',1,1),(5,_binary 'e) tecidos, órgãos, sistemas, organelas celulares e células.',0,1),(6,_binary 'a) Gráfico 1, molécula, célula, tecido, órgão, organismo, população e comunidade.',0,2),(7,_binary 'b) Gráfico 1, molécula, célula, órgão, tecido, organismo, população e comunidade.',0,2),(8,_binary 'c) Gráfico 2, molécula, célula, órgão, tecido, organismo, população e comunidade.',0,2),(9,_binary 'd) Gráfico 2, molécula, célula, tecido, órgão, organismo, comunidade e população.',0,2),(10,_binary 'e) Gráfico 2, molécula, célula, tecido, órgão, organismo, população e comunidade.',1,2),(11,_binary 'a) A comparação bioquímica do RNA ribossômico dos seres analisados foi o principal critério utilizado pelo pesquisador para dividir os seres vivos em três\nDomínios.',1,3),(12,_binary 'b) Essa classificação contradiz conceitos darwinistas ao considerar uma origem independente entre os grupos representados.',0,3),(13,_binary 'c) O Domínio Bactéria se modificou intensamente ao longo da evolução, o que o aproxima filogeneticamente dos seres mais complexos do Domínio Eukarya.',0,3),(14,_binary 'd) Relações de endossimbiose que favoreceram reações bioenergéticas ocorreram entre seres do Domínio Archaea e Eukarya.',0,3),(15,_binary 'e) A proximidade filogenética é considerada equivalente entre os três grupos representados devido à presença de um ancestral comum a todos os organismos na base do cladograma.',0,3),(16,_binary 'a) da abiogênese, observando que os micro- organismos são gerados constantemente em meios nutritivos adequados, desde que em contato direto com o ar.',0,4),(17,_binary 'b) da geração espontânea, observando que os micro-organismos se proliferam em meios nutritivos adequados, independentemente do contato direto com ar.',0,4),(18,_binary 'c) da evolução biológica, observando que o ambiente adequado proporciona o surgimento de diversidade biológica, desde que em contato direto com o ar.',0,4),(19,_binary 'd) celular, observando que todos os organismos são formados por algum tipo de organização celular, independentemente do contato direto com o ar.',0,4),(20,_binary 'e) da biogênese, observando que todo organismo vivo provém de outro pré- existente, independentemente do contato direto com o ar.',1,4),(21,_binary 'a) X, Y e Z continuaram pertencendo à mesma espécie.',0,5),(22,_binary 'b) X, Y e Z formaram três espécies diferentes.',0,5),(23,_binary 'c) X e Z tornaram-se espécies diferentes e Y continuou a pertencer à mesma espécie.',0,5),(24,_binary 'd) X e Z continuaram a pertencer à mesma espécie e Y tornou-se uma espécie diferente.',1,5),(25,_binary 'e) X e Y continuaram a pertencer à mesma espécie e Z tornou-se uma espécie diferente.',0,5),(26,_binary 'a) os avanços da medicina minimizam os efeitos da seleção natural sobre as populações.',1,6),(27,_binary 'b) os usos da insulina e do fator VIII da coagulação sanguínea funcionam como agentes modificadores do genoma humano.',0,6),(28,_binary 'c) as drogas medicamentosas impedem a transferência do material genético defeituoso ao longo das gerações.',0,6),(29,_binary 'd) os procedimentos terapêuticos normalizam o genótipo dos hemofílicos e diabéticos.',0,6),(30,_binary 'e) as intervenções realizadas pela medicina interrompem a evolução biológica do ser humano.',0,6),(31,_binary 'a) da mutação que ocorre nos indivíduos em resposta às exigências adaptativas de ambientes com diferentes características, o que leva à irradiação adaptativa.',0,7),(32,_binary 'b) da ação da seleção natural atuando sobre indivíduos em ambientes com diferentes características, o que leva à convergência adaptativa.',0,7),(33,_binary 'c) da ação da seleção natural atuando sobre indivíduos em ambientes com as mesmas características, o que leva à convergência adaptativa.',1,7),(34,_binary 'd) da mutação que ocorre casualmente em indivíduos que vivem em ambientes com as mesmas características, o que leva à irradiação adaptativa.',0,7),(35,_binary 'e) da ação da deriva genética, que permite a fixação de diferentes fenótipos em ambientes com diferentes características, o que leva à convergência adaptativa.',0,7),(36,_binary 'a) Em meio hipertônico, a célula perde água e murcha. ',1,8),(37,_binary 'b) Em meio isotônico, a célula ganha água e sofre lise.',0,8),(38,_binary 'c) Em meio hipertônico, a célula perde água e ocorre lise.',0,8),(39,_binary 'd) Em meio hipotônico, a célula ganha água e murcha.',0,8),(40,_binary 'e) Em meio isotônico, a célula ganha água e murcha.',0,8),(41,_binary 'a) O DNA transcreve a mensagem genética para o RNA, que serve de modelo para a formação de uma proteína.',1,9),(42,_binary 'b) O DNA transcreve a mensagem genética para o RNA solúvel, que se liga ao ribossomo, local da síntese protéica.',0,9),(43,_binary 'c) O RNA mensageiro contém trincas de nucleotídeos denominados códons responsáveis pela transcrição de uma cadeia polipeptídica.',0,9),(44,_binary 'd) O RNA transportador apresenta na sua molécula uma trinca de nucleotídeos denominados anticódon, local de ligação com o aminoácido que ele transporta.',0,9),(45,_binary 'e) O RNA ribossômico se une a proteínas formando o ribossomo, local onde ocorre a transcrição de mensagem genética.',0,9),(46,_binary 'a) o retículo endoplasmático liso se apresenta pouco desenvolvido. Esse processo pode contribuir para diminuir a eficácia de alguns medicamentos, como os antibióticos.',0,10),(47,_binary 'b) o retículo endoplasmático liso se apresenta bastante desenvolvido. Esse processo pode contribuir para diminuir a eficácia de alguns medicamentos, como os antibióticos.',1,10),(48,_binary 'c) o retículo endoplasmático rugoso se apresenta pouco desenvolvido. Esse processo pode contribuir para aumentar a eficácia de alguns medicamentos, como os antibióticos.',0,10),(49,_binary 'd) o retículo endoplasmático rugoso se apresenta bastante desenvolvido. Esse processo pode contribuir para aumentar a eficácia de alguns medicamentos, como os antibióticos.',0,10),(50,_binary 'e) o complexo golgiense se apresenta bastante desenvolvido. Esse processo pode contribuir para aumentar a eficácia de alguns medicamentos, como os\nantibióticos.',0,10),(51,_binary 'a) houve um único período de síntese de DNA, seguido de uma única divisão celular.',0,11),(52,_binary 'b) houve um único período de síntese de DNA, seguido de duas divisões celulares.',1,11),(53,_binary 'c) houve dois períodos de síntese de DNA, seguidos de duas divisões celulares.',0,11),(54,_binary 'd) não pode ter ocorrido permutação cromossômica.',0,11),(55,_binary 'e) a quantidade de DNA das células filhas permaneceu igual à da célula mãe.',0,11),(56,_binary 'a) Os processos de mitose e meiose ocorrem em todos os seres vivos.',0,12),(57,_binary 'b) O número cromossômico permanece igual após ambos os processos, contudo as células que realizam o segundo tipo de divisão celular sofrem a permuta gênica, o que gera variabilidade genética.',0,12),(58,_binary 'c) A transcrição de RNA ocorre principalmente na interfase. Durante os processos de divisões, a transcrição diminui, chegando até à inativação.',1,12),(59,_binary 'd) Na fase de metáfase, os fusos mitóticos se ligam aos telômeros dos cromossomos.',0,12),(60,_binary 'e) Tanto na anáfase da mitose quanto nas anáfases I e II da meiose, as cromátides irmãs são separadas para os pólos opostos.',0,12),(61,_binary 'a) as somáticas são chamadas de diplóides e possuem 23 cromossomas.',0,13),(62,_binary 'b) as reprodutoras são chamadas de haplóides e possuem 23 cromossomas.',1,13),(63,_binary 'c) as somáticas são chamadas de diplóides e possuem 46 pares de cromossomas.',0,13),(64,_binary 'd) as reprodutoras são chamadas de haplóides e possuem 23 pares de cromossomas.',0,13),(65,_binary 'a) a mutação dos genes.',0,14),(66,_binary 'b) a variabilidade genética da espécie.',1,14),(67,_binary 'c) a mutação dos cromossomos.',0,14),(68,_binary 'd) a interação gênica entre espécies.',0,14),(69,_binary 'e) a união dos gametas.',0,14),(70,_binary 'a) 1',0,15),(71,_binary 'b) 2',0,15),(72,_binary 'c) 3',1,15),(73,_binary 'd) 4',0,15),(74,_binary 'e) 5',0,15),(75,_binary 'a) migração.',1,16),(76,_binary 'b) duplicação.',0,16),(77,_binary 'c) condensação.',0,16),(78,_binary 'd) recombinação.',0,16),(79,_binary 'e) reestruturação.',0,16),(80,_binary 'a) No caule existem pequenos espaços, as lenticelas, entre as células da periderme, os quais permitem a ocorrência de trocas gasosas e é por onde crescem novos ramos.',0,17),(81,_binary 'b) Houve o crescimento de tecidos a partir do periciclo do cilindro vascular, e a estrutura assim originada empurra para fora o córtex e a epiderme.',0,17),(82,_binary 'c) A gema lateral saiu do estado de dormência até então imposto pela auxina liberada pelas gemas apicais da planta, removidas com o corte da árvore.',1,17),(83,_binary 'd) Houve o crescimento secundário resultante da produção de novos tecidos, por parte do felogênio e do câmbio vascular.',0,17),(84,_binary 'a) Vírus, pelo microscópio óptico.',0,18),(85,_binary 'b) Mitocôndrias, pela vista desarmada.',0,18),(86,_binary 'c) Óvulo animal, pela vista desarmada.',1,18),(87,_binary 'd) Molécula de ATP, pelo microscópio eletrônico.',0,18),(88,_binary 'e) Estrias das células musculares esqueléticas, pela vista desarmada',0,18),(89,_binary 'a) Mitocôndrias com membranas internas e externas nas células eucariontes; e constituição de dupla camada lipoproteica nas membranas de ambas as células.',1,19),(90,_binary 'b) Ribossomos com membranas simples nas células procariontes; e constituição de glicoproteínas e glicolipídios nas membranas de ambas as células.',0,19),(91,_binary 'c) Cloroplastos com clorofila imersa nas membranas internas nas células eucariontes; e constituição de dupla camada celulósica nas membranas de ambas as células.',0,19),(92,_binary 'd) Lisossomos contendo enzimas digestivas nas células procariontes; e constituição de dupla camada proteica nas membranas de ambas as células.',0,19),(93,_binary 'e) Ribossomos aderidos às membranas do retículo rugoso nas células eucariontes; e constituição de polissacarídeos nas membranas de ambas as células.',0,19),(94,_binary 'a) DNA, RNA e ribossomos, porém somente a célula da epiderme foliar apresenta parede celular.',0,20),(95,_binary 'b) membrana plasmática e citoplasma, entretanto, não são encontrados ribossomos na célula bacteriana.',0,20),(96,_binary 'c) membrana plasmática e citoplasma, entretanto, as mitocôndrias estão presentes apenas na célula óssea.',0,20),(97,_binary 'd) DNA, membrana plasmática e mitocôndrias, porém, apenas a célula da epiderme foliar possui cloroplastos.',0,20),(98,_binary 'e) DNA, RNA e ribossomos, mas somente a bactéria e a célula da epiderme foliar apresentam parede celular.',1,20),(99,_binary 'a) tanto os vegetais quanto as bactérias são autótrofos devido à presença da parede celular.',0,21),(100,_binary 'b) o citoplasma de todas as células são iguais.',0,21),(101,_binary 'c) as bactérias não possuem cromossomos por não possuírem núcleo.',0,21),(102,_binary 'd) a célula animal é a única que realiza divisão celular com fuso mitótico com centríolos nas suas extremidades.',1,21),(103,_binary 'e) todos os plastos estão envolvidos na fotossíntese.',0,21),(104,_binary 'a) os vírus são menores que os protozoários.',1,22),(105,_binary 'b) a maioria das bactérias é maior que as leveduras.',0,22),(106,_binary 'c) a maioria dos vírus é maior que as bactérias.',0,22),(107,_binary 'd) bactérias e protozoários têm o mesmo tamanho.',0,22),(108,_binary 'e) protozoários são geralmente menores que as bactérias.',0,22),(109,_binary 'a) órgão.',0,23),(110,_binary 'b) organela.',0,23),(111,_binary 'c) tecido.',1,23),(112,_binary 'd) organismo.',0,23),(113,_binary 'e) molécula.',0,23),(114,_binary 'a) células.',0,24),(115,_binary 'b) tecidos.',0,24),(116,_binary 'c) órgãos. ',1,24),(117,_binary 'd) organelas.',0,24),(118,_binary 'a) espécimes.',0,25),(119,_binary 'b) população.',1,25),(120,_binary 'c) comunidade.',0,25),(121,_binary 'd) ecossistemas. ',0,25),(122,_binary 'e) biosfera.',0,25),(123,_binary 'Verdadeiro ',1,26),(124,_binary 'Falso ',0,26),(125,_binary 'a) apenas II. ',0,27),(126,_binary 'b) apenas I.',0,27),(127,_binary 'c) II, IV, V.',0,27),(128,_binary 'd) I, III, IV.',0,27),(129,_binary 'e) I, III, IV, V.',1,27),(130,_binary 'Falso',1,28),(131,_binary 'verdadeiro',0,28),(132,_binary 'a)VVFVV',0,29),(133,_binary 'b) VFVFF',0,29),(134,_binary 'c) FFFVF',1,29),(135,_binary 'd) VVFFV',0,29),(136,_binary 'e) VFFFF',0,29),(137,_binary 'a) I e II.',0,30),(138,_binary 'b) III e IV.',0,30),(139,_binary 'c) IV e V.',0,30),(140,_binary 'd) I, II e V.',0,30),(141,_binary 'e) III, IV e V.',1,30),(142,_binary ' a) Somente as afirmativas I e III são verdadeiras. ',0,31),(143,_binary 'b) Somente as afirmativas I, III e IV são verdadeiras.',0,31),(144,_binary 'c) Somente as afirmativas II e IV são verdadeiras.',1,31),(145,_binary 'd) Somente as afirmativas II e V são verdadeiras. ',0,31),(146,_binary 'e) Somente as afirmativas I e V são verdadeiras. ',0,31),(147,_binary 'a) Apenas II. ',0,32),(148,_binary 'b) Apenas III.',0,32),(149,_binary 'c) Apenas I e II.',0,32),(150,_binary 'd) Apenas I e III.',0,32),(151,_binary 'e) I, II e III. ',1,32),(152,_binary 'a) V - F - V - F - V. ',1,33),(153,_binary 'b) F - V - F - F - V.',0,33),(154,_binary 'c) V - V - F - V - F.',0,33),(155,_binary 'd) F - F - V - V - F.',0,33),(156,_binary 'e) V - V - F - V - V.',0,33),(157,_binary 'a) I, apenas.',0,34),(158,_binary 'b) II, apenas.',0,34),(159,_binary 'c) III, apenas.',0,34),(160,_binary 'd) I e II, apenas.',1,34),(161,_binary 'e) I, II e III.',0,34),(162,_binary 'a) Apenas I. ',0,35),(163,_binary 'b) Apenas II. ',0,35),(164,_binary 'c) Apenas III.',0,35),(165,_binary 'd) Apenas I e II.',1,35),(166,_binary 'e) I, II e III.',0,35),(167,_binary 'a) Somente a afirmativa 1 é verdadeira.',0,36),(168,_binary 'b) Somente as afirmativas 1 e 2 são verdadeiras.',0,36),(169,_binary 'c) Somente as afirmativas 2 e 4 são verdadeiras. ',1,36),(170,_binary 'd) Somente as afirmativas 2, 3 e 4 são verdadeiras.',0,36),(171,_binary 'e) Somente a afirmativa 3 é verdadeira.',0,36),(172,_binary 'a) VFVF. ',0,37),(173,_binary 'b) VVFF. ',1,37),(174,_binary 'c) FFVV. ',0,37),(175,_binary 'd) FVFV. ',0,37),(176,_binary 'e) FVVF. ',0,37),(177,_binary 'a) VVFFF. ',0,38),(178,_binary 'b) VFVFV. ',0,38),(179,_binary 'c) VFVFF. ',0,38),(180,_binary 'd) FFFVF. ',1,38),(181,_binary 'e) VVVFV. ',0,38),(182,_binary 'a) I e II são falsas.',0,39),(183,_binary 'b) I, II, III são verdadeiras. ',0,39),(184,_binary 'c) somente V é verdadeira. ',0,39),(185,_binary 'd) somente II é falsa.',1,39),(186,_binary 'e) I, IV, V são falsas.',0,39),(187,_binary 'a) I e II.',0,40),(188,_binary 'b) II e III.',0,40),(189,_binary 'c) I. ',1,40),(190,_binary 'd) III. ',0,40),(191,_binary 'e) IV.',0,40),(192,_binary 'a) I e II atendem a dieta.',0,41),(193,_binary 'b) II, III e V atendem a dieta.',0,41),(194,_binary 'c) Nenhum item atende a dieta.',0,41),(195,_binary 'd) somente I atende a dieta.',0,41),(196,_binary 'e) I, II, III, IV e V atendem a dieta.',1,41),(197,_binary 'Verdadeiro.',1,42),(198,_binary 'Falso.',0,42),(199,_binary 'a) VVFVV.',0,43),(200,_binary 'b) FVFVV.',1,43),(201,_binary 'c) VFVFF.',0,43),(202,_binary 'd) FVVFF.',0,43),(203,_binary 'e) VFFVF.',0,43),(204,_binary 'a) F – V – V – V.',0,44),(205,_binary 'b) F – F – V – V.',0,44),(206,_binary 'c) F – V – V – F.',1,44),(207,_binary 'd) V – F – V – V.',0,44),(208,_binary 'e) V – F – F – V.',0,44),(209,_binary 'a) II, III e IV',1,45),(210,_binary 'b) I, II e IV',0,45),(211,_binary 'c) I, II, IV e V',0,45),(212,_binary 'd) IV e V',0,45),(213,_binary 'a) V – F – F – F – F. ',1,46),(214,_binary 'b) F – F – V – F – F. ',0,46),(215,_binary 'c) V – V – V – F – V. ',0,46),(216,_binary 'd) F – F – V – F – V . ',0,46),(217,_binary 'e) V – V – F – F – V. ',0,46),(218,_binary 'Verdadeiro.',0,47),(219,_binary 'Falso.',1,47),(220,_binary 'a) F / V / F / V / F.',1,48),(221,_binary 'b) V / F / V / F / V.',0,48),(222,_binary 'c) V / V / F / F / V.',0,48),(223,_binary 'd) F / F / V / V / V.',0,48),(224,_binary 'e) F / V / F / V / V.',0,48),(225,_binary 'Verdadeiro.',0,49),(226,_binary 'Falso.',1,49),(227,_binary 'a) Somente I é verdadeira.',0,50),(228,_binary 'b) II e III são verdadeiras. ',0,50),(229,_binary 'c) IV é falsa. ',0,50),(230,_binary 'd) Somente III é falsa. ',0,50),(231,_binary 'e) IV é  verdadeira.',1,50),(232,_binary 'A) 4',0,51),(233,_binary 'B) 6',0,51),(234,_binary 'C) 16',0,51),(235,_binary 'D) 8 ',0,51),(236,_binary 'E) 12',1,51),(237,_binary 'A) 8,6',1,52),(238,_binary 'B) 8,9',0,52),(239,_binary 'C) 9,3',0,52),(240,_binary 'D) 9,6',0,52),(241,_binary 'E) 10,1',0,52),(242,_binary 'A) 8 m/s ',1,53),(243,_binary 'B) 4 m/s ',0,53),(244,_binary 'C) 6 m/s',0,53),(245,_binary 'D) 9 m/s',0,53),(246,_binary 'E) 2 m/s',0,53),(247,_binary 'A) a pedra tem maior aceleração que a pena.',0,54),(248,_binary 'B) a pedra e a pena chegaram simultaneamente ao solo.',1,54),(249,_binary 'C) a pedra chega ao solo com maior velocidade do que a pena.',0,54),(250,_binary 'D) a força gravitacional que a Lua exerce sobre a pedra é igual à que exerce sobre a pena.',0,54),(251,_binary 'a) um nono do valor original.',1,55),(252,_binary 'b) um terço do valor original.',0,55),(253,_binary 'c) três vezes o valor original.',0,55),(254,_binary 'd) nove vezes o valor original.',0,55),(255,_binary 'e) mesmo valor que a original.',0,55),(256,_binary 'A) 6,3 .10^7N',0,56),(257,_binary 'B) 6,3 .10^17N ',1,56),(258,_binary 'C) 6,3 .10^51N',0,56),(259,_binary 'D) 6,3 .10^61N',0,56),(260,_binary 'a) A constante de gravitação universal assume valores distintos para cada tipo de planeta envolvido na determinação da força de atração gravitacional.',0,57),(261,_binary 'b) A força de atração gravitacional entre dois corpos quaisquer é inversamente proporcional à distância entre os corpos. ',0,57),(262,_binary 'c) Se a distância entre dois corpos for triplicada, a força de atração gravitacional entre eles será nove vezes menor.',1,57),(263,_binary 'd) A única forma de reduzir a força de atração gravitacional entre dois corpos é alterando a distância entre eles. ',0,57),(264,_binary 'e) Se a distância entre dois corpos for triplicada, a força de atração gravitacional entre eles será seis vezes menor. ',0,57),(265,_binary 'A) está mais próxima da Lua do que da Terra.',1,58),(266,_binary 'B) está mais próxima da Terra do que da Lua.',0,58),(267,_binary 'C) não pode ser determinada sem que seja conhecida sua massa.',0,58),(268,_binary 'D) está na metade da distância entre o centro da Terra e o centro da Lua.',0,58),(269,_binary 'E) não pode ser determinada, sem que seja conhecida a massa do Sol. ',0,58),(270,_binary 'A) Que a resultante das forças seja nula.',0,59),(271,_binary 'B) Que a força peso seja par de ação-reação da força normal.',0,59),(272,_binary 'C) Que a força de empuxo anule a força peso.',0,59),(273,_binary 'D) Que o corpo se comporte como um corpo extenso e não como um ponto material.',0,59),(274,_binary 'E) Que a resultante das forças seja nula e a soma dos momentos ( torques ) igual a zero.',1,59),(275,_binary 'A) Pinça.',0,60),(276,_binary 'B) Alicate.',0,60),(277,_binary 'C) Quebra Nozes. ',1,60),(278,_binary 'D) Carrinho de mão.',0,60),(279,_binary 'E) Abridor de garrafa.',0,60),(280,_binary 'A) 1',0,61),(281,_binary 'B) 2',1,61),(282,_binary 'C) 4',0,61),(283,_binary 'D) 5',0,61),(284,_binary 'E) 6',0,61),(285,_binary 'a) peso, gravidade, atrito',0,62),(286,_binary 'b) peso, empuxo, atrito',1,62),(287,_binary 'c) gravidade, impulso, aceleração',0,62),(288,_binary 'd) gravidade, massa, peso',0,62),(289,_binary 'e) energia, velocidade, atrito',0,62),(290,_binary 'a) onça fluida, Joule',0,63),(291,_binary 'b) Newton, quilograma-força',1,63),(292,_binary 'c) Newton, quilogrâmetro',0,63),(293,_binary 'd) Dina, Pascal',0,63),(294,_binary 'e) grama-força, decímetro',0,63),(295,_binary 'a) decibelímetro',0,64),(296,_binary 'b) manômetro',0,64),(297,_binary 'c) termômetro',0,64),(298,_binary 'd) dinamômetro',1,64),(299,_binary 'e) amperímetro',0,64),(300,_binary 'a) 5 N',0,65),(301,_binary 'b) 10 N',1,65),(302,_binary 'c) 15 N',0,65),(303,_binary 'd) 20 N',0,65),(304,_binary 'e) 25 N',0,65),(305,_binary 'A) do movimento.',0,66),(306,_binary 'B) da relatividade.',0,66),(307,_binary 'C) da inércia. ',1,66),(308,_binary 'D) da ação e reação. ',0,66),(309,_binary 'A) a intensidade da força de ação pode ser maior que a da força de reação. ',0,67),(310,_binary 'B) a intensidade da força de ação pode ser menor que a da força de reação. ',0,67),(311,_binary 'C) a força de ação e a de reação podem ocorrer em direções diferentes.  ',0,67),(312,_binary 'D) para toda força de ação existe uma de reação correspondente, com a mesma intensidade, com a mesma direção, porém com sentidos opostos.',1,67),(313,_binary 'E) para toda força de ação existe uma de reação correspondente, com a mesma intensidade, com a mesma direção e como mesmo sentido.',0,67),(314,_binary 'A) a força normal que a mesa aplica no objeto é maior do que o peso do objeto.',0,68),(315,_binary 'B) a resultante das forças que atuam sobre o objeto é igual à força normal que a mesa aplica no objeto.',0,68),(316,_binary 'C) a resultante das forças que atuam sobre o objeto é nula.',1,68),(317,_binary 'D) não há forças agindo sobre o objeto.',0,68),(318,_binary 'E) a resultante das forças que atuam sobre o objeto é igual ao peso do objeto.',0,68),(319,_binary 'A) zero',0,69),(320,_binary 'B) 2,0 N',0,69),(321,_binary 'C) 3,0 N',0,69),(322,_binary 'D) 4,5 N',1,69),(323,_binary 'E) 6,0 N',0,69),(324,_binary 'A) 0,04 N',0,70),(325,_binary 'B) 0,05 N',0,70),(326,_binary 'C) 0,07 N',0,70),(327,_binary 'D) 0,09 N',0,70),(328,_binary 'E) 0,14 N ',1,70),(329,_binary 'a) 0,1',0,71),(330,_binary 'b) 0,2 ',0,71),(331,_binary 'c) 0,3 ',1,71),(332,_binary 'd) 0,4',0,71),(333,_binary 'e) 0,5 ',0,71),(334,_binary 'A) dinâmico na roda, devido ao eixo.',0,72),(335,_binary 'B) estático na roda, devido à superfície rugosa. ',1,72),(336,_binary 'C) estático na superfície rugosa, devido à roda. ',0,72),(337,_binary 'D) dinâmico na superfície rugosa, devido à roda. ',0,72),(338,_binary 'E) dinâmico na roda, devido à superfície rugosa.',0,72),(339,_binary 'A) 6 km/h',0,73),(340,_binary 'B) 12 km/h',0,73),(341,_binary 'C) 14 km/h ',1,73),(342,_binary 'D) 18 km/h',0,73),(343,_binary 'E) 21 km/h',0,73),(344,_binary 'A) aumenta no intervalo de 0 s a 10 s;',0,74),(345,_binary 'B) diminui no intervalo de 20 s a 40 s;',0,74),(346,_binary 'C) tem o mesmo valor em todos os diferentes intervalos de tempo;',0,74),(347,_binary 'D) é constante e diferente de zero no intervalo de 10 s a 20 s; ',0,74),(348,_binary 'E) é maior no intervalo de 0 s a 10 s.',1,74),(349,_binary 'A) 0,18',0,75),(350,_binary 'B) 2,25',0,75),(351,_binary 'C) 1,50',1,75),(352,_binary 'D) 0,80',0,75),(353,_binary 'E) 0,36',0,75),(354,_binary 'A) Cabra.',0,76),(355,_binary 'B) Vômito.',0,76),(356,_binary 'C) Chulé.',0,76),(357,_binary 'D) Fezes.',0,76),(358,_binary 'E) Ovo podre.',1,76),(359,_binary 'A) Fusão e ebulição',0,77),(360,_binary 'B) Sublimação e liquefação',0,77),(361,_binary 'C) Ebulição e condensação',1,77),(362,_binary 'D) Vaporização e sublimação',0,77),(363,_binary 'E) Fusão e liquefação',0,77),(364,_binary 'A) cloreto de sódio e alumínio sólidos.',0,78),(365,_binary 'B) prata líquida e alumínio sólidos.',0,78),(366,_binary 'c) grafite e prata sólidos.',0,78),(367,_binary 'D) Ouro e grafite sólidos.',1,78),(368,_binary 'E) Ouro sólido e cloreto de sódio gasoso.',0,78),(369,_binary 'A) compostos, elemento, átomos.',1,79),(370,_binary 'B) misturas, substância, moléculas.',0,79),(371,_binary 'C) substâncias compostas, molécula, íons.',0,79),(372,_binary 'D) misturas, substância, átomos.',0,79),(373,_binary 'E) compostos, íon, moléculas.',0,79),(374,_binary 'A) uma substância pura.',0,80),(375,_binary 'B) uma substância simples.',0,80),(376,_binary 'C) uma mistura de somente substâncias compostas.',0,80),(377,_binary 'D) uma mistura de somente substâncias simples. ',0,80),(378,_binary 'E) uma mistura de substâncias simples e compostas.',1,80),(379,_binary 'A) A explicação para o fenômeno observado é que em sistemas abertos, não se aplica a lei de Lavoisier.',0,81),(380,_binary 'B) no combustível, foi incorporado outro reagente químico. ',1,81),(381,_binary 'C) no combustível, havia partículas sólidas que possuem maior massa do que os gases.',0,81),(382,_binary 'D) em um processo de combustão lenta, formam-se inesperados produtos de maior massa.',0,81),(383,_binary 'E) houve transmutação de elementos durante a formação do produto.',0,81),(384,_binary 'A) combustão promove a incorporação de impurezas nas cinzas.',0,82),(385,_binary 'B) quantidade de fumaça produzida independe da massa inicial de madeira.',0,82),(386,_binary 'C) massa do comburente utilizado na combustão não foi considerada nos cálculos.',1,82),(387,_binary 'D) reação de combustão da madeira promoveu a formação de produtos gasosos.',0,82),(388,_binary 'E) proporção em massa da madeira e da fumaça é de 1:1. ',0,82),(389,_binary 'A) esférico.',0,83),(390,_binary 'B) carregado.',0,83),(391,_binary 'C) indivisível.',1,83),(392,_binary 'D) radioativo.',0,83),(393,_binary 'E) maciço.',0,83),(394,_binary 'A) Bohr.',0,84),(395,_binary 'B) Dalton.',0,84),(396,_binary 'C) Thomson.',1,84),(397,_binary 'D) Rutherford.',0,84),(398,_binary 'E) Modeloatual.',0,84),(399,_binary 'A) Verde. ',1,85),(400,_binary 'B) Laranja.',0,85),(401,_binary 'C) Azul.',0,85),(402,_binary 'D) Vermelha.',0,85),(403,_binary 'E) Dourada.',0,85),(404,_binary 'A) boro (família 13 ou 3A).',0,86),(405,_binary 'B) carbono (família 14 ou 4A).',1,86),(406,_binary 'C) nitrogênio (família 15 ou 5A).',0,86),(407,_binary 'D) calcogênios (família 16 ou 6A).',0,86),(408,_binary 'E) halogênios (família 17 ou 7A).',0,86),(409,_binary 'A) cromo. ',1,87),(410,_binary 'B) ferro. ',0,87),(411,_binary 'C) molibdênio. ',0,87),(412,_binary 'D) tecnécio.',0,87),(413,_binary 'E) rutênio.',0,87),(414,_binary 'A) Br.',0,88),(415,_binary 'B) Kr.',0,88),(416,_binary 'C) I.',0,88),(417,_binary 'D) At.',0,88),(418,_binary 'E) Rn',1,88),(419,_binary 'A) BF3',0,89),(420,_binary 'B) NH3',0,89),(421,_binary 'C) PCl5',1,89),(422,_binary 'D) BeH2',0,89),(423,_binary 'E) AlI3',0,89),(424,_binary 'A) sílica, (SiO2)n.',1,90),(425,_binary 'B) zinco metálico, Zn.',0,90),(426,_binary 'C) diamante, C.',0,90),(427,_binary 'D) celulose, (C6H10O5)n.',0,90),(428,_binary 'E) cloreto de sódio, NaCl.',0,90),(429,_binary 'A) iônico, pois se trata da ligação entre um metal e um ametal.',0,91),(430,_binary 'B) iônico, por causa da grande diferença de eletronegatividade desses elementos.',0,91),(431,_binary 'C) covalente, pois se trata da ligação entre dois ametais.',0,91),(432,_binary 'D) covalente, pois se trata da ligação entre dois metais.',0,91),(433,_binary 'E) covalente, por causa da pequena diferença de eletronegatividade desses elementos.',1,91),(434,_binary 'A) todas são iônicas.',0,92),(435,_binary 'B) duas são covalentes e uma iônica.',0,92),(436,_binary 'C) todas apresentam átomos que estabelecem ligações covalentes coordenadas.',1,92),(437,_binary 'D) todas apresentam átomos que se estabilizam pelo compartilhamento de um elétron.',0,92),(438,_binary 'E) todas apresentam ligações múltiplas.',0,92),(439,_binary 'A) C3H4',0,93),(440,_binary 'B) C3H6',0,93),(441,_binary 'C) C10H8',0,93),(442,_binary 'D) CH4',0,93),(443,_binary 'E) C7H16',1,93),(444,_binary 'A) função orgânica.',0,94),(445,_binary 'B) solubilidade em água.',0,94),(446,_binary 'C) tipo de ligação intermolecular.',0,94),(447,_binary 'D) tipo de cadeia orgânica',1,94),(448,_binary 'E) tipo de ligação química.',0,94),(449,_binary 'A) radicalfenil.',0,95),(450,_binary 'B) cadeia simples.',0,95),(451,_binary 'C) cadeia homogênea. ',0,95),(452,_binary 'D) anel aromático.',1,95),(453,_binary 'E) grupocarbonila.',0,95),(454,_binary 'A) 1',0,96),(455,_binary 'B) 2',0,96),(456,_binary 'C) 4',1,96),(457,_binary 'D) 6',0,96),(458,_binary 'E) 7',0,96),(459,_binary 'A) 96 g',0,97),(460,_binary 'B) 3 kg',1,97),(461,_binary 'C) 4 kg',0,97),(462,_binary 'D) 6 kg',0,97),(463,_binary 'E) 120 kg',0,97),(464,_binary 'A) 56 g.',0,98),(465,_binary 'B) 88 g. ',0,98),(466,_binary 'C) 112 g.',1,98),(467,_binary 'D) 144 g. ',0,98),(468,_binary 'E) 154,67 g.',0,98),(469,_binary 'A) 20%',0,99),(470,_binary 'B) 40%',0,99),(471,_binary 'C) 60%',0,99),(472,_binary 'D) 80%',1,99),(473,_binary 'E) 90%',0,99),(474,_binary 'A) 35%',0,100),(475,_binary 'B) 40%',0,100),(476,_binary 'C) 60%',1,100),(477,_binary 'D) 65%',0,100),(478,_binary 'E) 70%',0,100);
/*!40000 ALTER TABLE `alternativa` ENABLE KEYS */;
UNLOCK TABLES;

--
-- Table structure for table `desempenho`
--

DROP TABLE IF EXISTS `desempenho`;
/*!40101 SET @saved_cs_client     = @@character_set_client */;
/*!50503 SET character_set_client = utf8mb4 */;
CREATE TABLE `desempenho` (
  `id_usuario` int NOT NULL,
  `id_questionario` int NOT NULL,
  `qtd_questao_correta` int NOT NULL,
  `qtd_questao_errada` int NOT NULL,
  PRIMARY KEY (`id_usuario`,`id_questionario`),
  KEY `id_questionario` (`id_questionario`),
  CONSTRAINT `desempenho_ibfk_1` FOREIGN KEY (`id_usuario`) REFERENCES `usuario` (`id_usuario`),
  CONSTRAINT `desempenho_ibfk_2` FOREIGN KEY (`id_questionario`) REFERENCES `questionario` (`id_questionario`)
) ENGINE=InnoDB DEFAULT CHARSET=utf8mb4 COLLATE=utf8mb4_0900_ai_ci;
/*!40101 SET character_set_client = @saved_cs_client */;

--
-- Dumping data for table `desempenho`
--

LOCK TABLES `desempenho` WRITE;
/*!40000 ALTER TABLE `desempenho` DISABLE KEYS */;
/*!40000 ALTER TABLE `desempenho` ENABLE KEYS */;
UNLOCK TABLES;

--
-- Table structure for table `disciplina`
--

DROP TABLE IF EXISTS `disciplina`;
/*!40101 SET @saved_cs_client     = @@character_set_client */;
/*!50503 SET character_set_client = utf8mb4 */;
CREATE TABLE `disciplina` (
  `id_disciplina` int NOT NULL AUTO_INCREMENT,
  `nome_disciplina` varchar(100) NOT NULL,
  PRIMARY KEY (`id_disciplina`)
) ENGINE=InnoDB AUTO_INCREMENT=4 DEFAULT CHARSET=utf8mb4 COLLATE=utf8mb4_0900_ai_ci;
/*!40101 SET character_set_client = @saved_cs_client */;

--
-- Dumping data for table `disciplina`
--

LOCK TABLES `disciplina` WRITE;
/*!40000 ALTER TABLE `disciplina` DISABLE KEYS */;
INSERT INTO `disciplina` VALUES (1,'Biologia'),(2,'Física'),(3,'Química');
/*!40000 ALTER TABLE `disciplina` ENABLE KEYS */;
UNLOCK TABLES;

--
-- Table structure for table `questao`
--

DROP TABLE IF EXISTS `questao`;
/*!40101 SET @saved_cs_client     = @@character_set_client */;
/*!50503 SET character_set_client = utf8mb4 */;
CREATE TABLE `questao` (
  `id_questao` int NOT NULL AUTO_INCREMENT,
  `enunciado` blob NOT NULL,
  PRIMARY KEY (`id_questao`)
) ENGINE=InnoDB AUTO_INCREMENT=101 DEFAULT CHARSET=utf8mb4 COLLATE=utf8mb4_0900_ai_ci;
/*!40101 SET character_set_client = @saved_cs_client */;

--
-- Dumping data for table `questao`
--

LOCK TABLES `questao` WRITE;
/*!40000 ALTER TABLE `questao` DISABLE KEYS */;
INSERT INTO `questao` VALUES (1,_binary '(CPS) A organização dos mapas e guias de ruas de uma cidade é fundamental para a exata localização do lugar a que se deseja ir. Nas buscas feitas pela internet, pode-se, por exemplo, informar, entre outras coisas, o número do imóvel, o nome da rua, o bairro, a cidade, o estado, o país e o continente. Por outro lado, ao se estudar a vida, também se podem distinguir diversos níveis hierárquicos de organização, que vão do nível submicroscópico (átomos e moléculas) até, por exemplo, ao nível do organismo. Comparando os níveis de organização para a identificação de um endereço com alguns níveis de organização estudados em Biologia e, admitindo-se que:\n– o nível submicroscópico corresponde comparativamente ao número do imóvel, e\n– o nível de organismo corresponde comparativamente ao continente.\nPode-se afirmar corretamente que o nome da rua, do bairro, da cidade, do estado e do país correspondem, respectivamente, aos seguintes níveis de organização biológica:\n'),(2,_binary '(UFF) Os seres vivos possuem composição química diferente da composição do meio onde vivem (gráficos a seguir). Os elementos presentes nos seres vivos se organizam, desde níveis mais simples e específicos até os níveis mais complexos e gerais.\nAssinale a opção que identifica o gráfico que representa a composição química média e a ordem crescente dos níveis de organização dos seres\nvivos.'),(3,_binary '(UESC) O cladograma ilustra a evolução dos seres vivos a partir da classificação em Domínios proposta por Carl Woese. A partir da análise da ilustração e do conhecimento atual a respeito desse modelo de classificação biológica, pode-se afirmar: '),(4,_binary '(FGV/2016) No século XIX, Louis Pasteur realizou experimentos utilizando frascos com e sem pescoços alongados (pescoços de cisne), com o objetivo de compreender a origem da contaminação por micro-organismos em meios de cultura, conforme ilustrado a seguir.\nTais experimentos embasaram Pasteur a comprovar a teoria '),(5,_binary '(UNESP SP) Três populações de insetos, X, Y e Z, habitantes de uma mesma região e pertencentes a uma mesma espécie, foram isoladas geograficamente. Após vários anos, com o desaparecimento da barreira geográfica, verificou-se que o cruzamento dos indivíduos da população X com os da população Y produzia híbridos estéreis. O cruzamento dos indivíduos da população X com os da população Z produzia descendentes férteis, e o dos indivíduos da população Y com os da população Z não produzia descendentes. A análise desses resultados permite concluir que:\n'),(6,_binary '(ENEM/2001)“Os progressos da medicina condicionaram a sobrevivência de número cada vez maior de indivíduos com constituições genéticas que só permitem o bem-estar quando seus efeitos são devidamente controlados através de drogas ou procedimentos terapêuticos. São exemplos os diabéticos e os hemofílicos, que só sobrevivem e levam vida relativamente normal ao receberem suplementação de insulina ou do fator VIII da coagulação sanguínea”.\nSALZANO, M. Francisco. Ciência Hoje: SBPC: 21(125), 1996.\nEssas afirmações apontam para aspectos importantes que podem ser relacionados à evolução humana. Pode-se afirmar que, nos termos do texto,\n'),(7,_binary '(UNESP SP/2017) Na figura estão representados exemplares de peixes, de aves e de mamíferos.\nAs semelhanças de formato dos corpos e dos membros locomotores nos animais representados decorrem\n'),(8,_binary '(FPS PE/2019) As características estruturais e funcionais das camadas de lipídios e das proteínas imersas nessas camadas conferem à membrana plasmática uma permeabilidade seletiva. Essa permeabilidade permite que ocorram os processos de troca entre a célula e o meio externo. \nEm relação a essas trocas, assinale a alternativa correta.\n'),(9,_binary '(UFES/2000) Na síntese protéica, um processo bastante complexo e fundamental para a sobrevivência das células, a participação dos ácidos nucléicos, substâncias químicas indispensáveis à vida, está corretamente referida em:\n'),(10,_binary '(FGV 2010) O uso constante de drogas psicotrópicas, como o álcool, pode fazer com que seus usuários desenvolvam certa tolerância à droga, de tal modo que passam a ser necessárias doses cada vez maiores para que o efeito seja obtido. Nesses casos, é correto dizer que, nas células do fígado desses usuários,\n'),(11,_binary '(FUVEST SP/2011) A figura abaixo representa uma célula diploide e as células resultantes de sua divisão.\nNesse processo,'),(12,_binary '(UFPEL RS/2005) A todo momento, os seres vivos pluricelulares perdem muitas células do próprio corpo, como, por exemplo, quando ocorrem ferimentos, quando os alimentos passam pelo trato digestório e até mesmo quando há o envelhecimento celular, mas, graças a um processo de divisão celular, a mitose, as células somáticas perdidas são repostas diariamente. No entanto, para uma célula se dividir em duas novas células iguais, ela deve passar por um processo anterior de multiplicação do seu conteúdo. Essa etapa é conhecida como interfase. Existe um segundo tipo de divisão celular, a meiose, que ocorre somente nas células gaméticas. Esse processo permite que o número cromossômico das espécies seja mantido após o evento da\nfecundação e que os indivíduos sejam geneticamente diferentes entre si. Portanto, as células podem se dividir por mitose e/ou meiose.\nAssinale a alternativa correta.\n'),(13,_binary '(UERJ) Em relação ao número de cromossomas, pode-se classificar as células em somáticas e reprodutoras. \nDas alternativas abaixo, aquela que caracteriza corretamente um ou outro tipo de célula é:\n'),(14,_binary '(IFGO/2016) A Meiose é o processo de divisão celular na formação dos gametas, e ocorre em duas etapas: Meiose I e Meiose II. Na prófase da meiose I ocorre a permutação ou crossing-over entre as cromátides dos cromossomos homólogos. Esse processo favorece\n'),(15,_binary '(ENEM/2017) Para estudar os cromossomos, é preciso observá-los no momento em que se encontram no ponto máximo de sua condensação. A imagem corresponde ao tecido da raiz de cebola, visto ao microscópio, e cada número marca uma das diferentes etapas do ciclo celular.\nQual número corresponde à melhor etapa para que esse estudo seja possível?\n'),(16,_binary '(ENEM/2016) A figura apresenta diferentes fases do ciclo de uma célula somática, cultivada e fotografada em microscópio confocal de varredura a laser. As partes mais claras evidenciam o DNA.\nNa fase representada em D, observa-se que os cromossomos encontram-se em\n'),(17,_binary 'Analise atentamente a tira Armandinho, do ilustrador Alexandre Beck.\nO novo ramo da árvore, que cresce lateralmente no tronco cortado, surgiu\nporque:\n'),(18,_binary '(UFPE) Muitos eventos e estruturas biológicas são menores do que pode o olho humano enxergar, cujo poder de resolução fica em torno de 100ìm. O microscópio óptico aumenta esse poder para cerca de 200nm (0.2ìm), limitado pelo comprimento da luz visível (0.4-0.7ìm). O microscópio eletrônico pode aumentar esse poder para 2nm (0.002ìm) pela substituição do feixe de luz por um feixe de elétrons.\nAssinale a alternativa em que a estrutura biológica pode ser visualizada pelo recurso indicado a seguir.\n'),(19,_binary '(FGV/2018) As células procariontes e as células eucariontes diferenciam-se e assemelham-se em diversos aspectos, como, por exemplo, quanto à presença de membranas internas, constituindo as organelas e o envoltório nuclear, e quanto à constituição dos envoltórios membranosos.\nAssinale a alternativa que cita, correta e respectivamente, uma diferença e uma semelhança relacionadas às membranas das células procariontes e eucariontes.\n'),(20,_binary '(UNIOESTE PR/2016) Ao serem comparadas a célula bacteriana, a célula da epiderme foliar de um vegetal e a célula óssea do esqueleto humano, podemos AFIRMAR que todas apresentam\n'),(21,_binary '(UFF) As células animais, vegetais e bacterianas apresentam diferenças estruturais relacionadas às suas características fisiológicas. A tabela a seguir mostra a presença ou ausência de algumas dessas estruturas.\nAnalisando as informações apresentadas, é correto afirmar que\n'),(22,_binary '(PUCRJ) Com relação ao tamanho dos seres microscópios, é correto afirmar que:\n'),(23,_binary 'Sabemos que todos os seres vivos, com exceção dos vírus, são formados por células. Entretanto, alguns organismos possuem apenas uma célula, enquanto outros possuem milhares. O conjunto de células com estrutura e funções semelhantes recebe o nome de: \n'),(24,_binary 'Constantemente, ao falarmos de anatomia e fisiologia humana, citamos alguns sistemas presentes no corpo, tais como o esquelético e o digestório. Um sistema pode ser definido como um conjunto de:  \n'),(25,_binary 'Os seres vivos estão separados em diferentes níveis de organização. Quando falamos em um conjunto de seres vivos da mesma espécie que ocupam a mesma área geográfica, referimo-nos à qual nível?  \n'),(26,_binary 'De acordo com a teoria celular, apenas IV não poderia ser considerado um ser vivo. \nI) Bactérias\nII)  Protozoários\nIII) Algas\nIV) Vírus\nV) Fungos  \n'),(27,_binary 'O citoplasma celular é composto por organelas dispersas em uma solução aquosa denominada de citosol. A água, portanto, tem um papel fundamental na célula. Das funções que a água desempenha no citosol, qual(is) está(ão) correta(s)? \nI) Participa do equilíbrio osmótico.\nII) Catalisa reações químicas. \nIII) Atua como solvente universal.\nIV) Participa de reações de hidrólise.\nV) Participa do transporte de moléculas.\n'),(28,_binary '(PUC-PR Adaptado) No início da década de 70, dois cientistas (Singer e Nicholson) esclareceram definitivamente como é a estrutura das membranas celulares, propondo o modelo denominado de mosaico fluído. Neste conceito, todas as membranas presentes nas células animais e vegetais são constituídas basicamente pelos componentes I e V.\nI) ácidos nucleicos; \nII) proteínas;\nIII)  enzimas;\nIV) glicídios;\nV) lipídios;\n'),(29,_binary '(UNIFESP/2004 - Adaptado) Leia os trechos seguintes, extraídos de um texto sobre a cor de pele humana.\n“A pele de povos que habitaram certas áreas durante milênios adaptou-se para permitir a produção de vitamina D.”\n“À medida que os seres humanos começaram a se movimentar pelo Velho Mundo há cerca de 100 mil anos, sua pele foi se adaptando às condições ambientais das diferentes regiões. A cor da pele das populações nativas da África foi a que teve mais tempo para se adaptar porque os primeiros seres humanos surgiram ali.”                                       				      (Scientific American Brasil, vol.6, novembro de 2002).\n \nNesses dois trechos, encontram-se subjacentes ideias:\nI) da Teoria Sintética da Evolução.\nII) darwinistas.\nIII) neodarwinistas.\nIV) lamarckistas.\nV) sobre especiação.\n'),(30,_binary '(Mack-2002) Considere as seguintes ocorrências nos seres vivos.\nI. Reprodução assexuada\nII. Autofecundação\nIII. Predatismo\nIV. Competição\nV. Mutação\nSão favoráveis para a ocorrência de evolução, apenas: \n'),(31,_binary '(UDESC 2016/1) A partir da mostarda selvagem (Brassica oleracea), o homem conseguiu obter novas variedades de plantas, conforme mostra a figura abaixo. \nEm relação a este tema, analise as proposições.\nI. A partir da mostarda selvagem, por transferência de genes (organismos transgênicos), são obtidas plantas como a couve, o brócolos e o repolho.\nII. Para Charles Darwin, o repolho, a couve de bruxelas, a couve-flor seriam exemplos de seleção artificial.\nIII. Pela Figura 3 é possível observar que, a partir de determinadas partes da mostarda selvagem, pela manipulação gênica, são obtidas novas variedades da planta.\nIV. Pelo melhoramento genético é que são produzidas estas novas variedades de plantas.\nV. Para Gregor Mendel estas variantes seriam um exemplo de como, pelos processos de hibridização, são obtidas novas espécies.\n\nAssinale a alternativa correta:\n'),(32,_binary '(UFRGS 2015) Quando são realizadas comparações entre espécies, constata-se que muitas características são compartilhadas. Considere as afirmações abaixo, sobre os processos evolutivos relacionados a esse fato.\nI - Características homólogas são aquelas compartilhadas por diferentes espécies, herdadas de um ancestral comum.\nII - As estruturas ósseas das asas de morcegos e aves são derivadas de um ancestral comum de quatro membros.\nIII - A evolução convergente refere-se a características similares que evoluíram, de forma independente, em diferentes espécies sujeitas a pressões seletivas semelhantes.\n\nQuais estão corretas?\n'),(33,_binary '(UFRS) Assinale com V (verdadeiro) ou F (falso) as seguintes considerações sobre o colesterol, um lipídio do grupo dos esteróides. \n( ) Ele participa da composição da membrana plasmática das células animais.\n( ) Ele é sintetizado no pâncreas, degradado no fígado e excretado na forma de sais biliares. \n( ) Ele é precursor dos hormônios sexuais masculino e feminino. \n( ) Ele é precursor da vitamina B. \n( ) As formas de colesterol HDL e LDL são determinadas pelo tipo de lipoproteína que transporta o colesterol. A seqüência correta de preenchimento dos parênteses, de cima para baixo, é\n\n'),(34,_binary '(UNIFESP-SP) Considere as três afirmações: \nI. Somos constituídos por células mais semelhantes às amebas do que às algas unicelulares. \nII. Meiose é um processo de divisão celular que só ocorre em células diplóides. \nIII. Procariontes possuem todas as organelas citoplasmáticas de um eucarionte, porém não apresentam núcleo. \nEstá correto o que se afirma em:\n'),(35,_binary '(UFRS) Considere as afirmações a seguir, referentes aos cromossomos homólogos. \nI. Durante a mitose e a meiose, quando os cromossomos são visíveis como entidades distintas, os membros de um par de homólogos são do mesmo tamanho e exibem localização centromérica idêntica. \nII. Durante os estágios iniciais da meiose, os cromossomos homólogos pareiam.\nIII. Cromossomos homólogos são os que contêm os mesmos alelos para cada loco gênico.\n'),(36,_binary '(UFPR) Para se descobrir a função das estruturas celulares, uma via experimental usada pelos cientistas é a remoção da estrutura celular que se quer estudar e a posterior verificação do que acontece à célula na ausência da estrutura. O uso de organismos mutantes é uma alternativa para a obtenção dessas células modificadas. Embriões de sapos compostos de células sem nucléolos (anucleadas) foram comparados a embriões normais. O desenvolvimento a partir do zigoto acontece de forma semelhante nos dois casos, mas no momento da eclosão do girino os mutantes anucleados morrem. Paralelamente a isso, a principal alteração observada nas células de indivíduos normais foi um aumento significativo na concentração de ribossomos no citoplasma, o que não ocorreu nos mutantes anucleados. \nCom base nessas informações e nos conhecimentos de Biologia Celular, considere as seguintes afirmativas: \n\n1. Nos indivíduos mutantes anucleados, a eclosão do girino não acontece, por falta de alimentação adequada do embrião, o que leva à sua morte.\n2. O nucléolo é o responsável pela produção dos ribossomos, por sua vez responsáveis pela síntese das proteínas necessárias ao processo de eclosão dos girinos. \n3. A eclosão do girino só acontece na presença de uma grande quantidade de energia, na forma de ATP, que é obtida por meio dos ribossomos. \n4. Os indivíduos mutantes anucleados sobreviveram à fase embrionária por já contarem com ribossomos prontos, presentes no óvulo. \n\nAssinale a alternativa correta.\n'),(37,_binary 'Julgue as sentenças abaixo.\nI. A prófase é uma fase marcada pela condensação dos cromossomos que se tornam progressivamente mais curtos e grossos.\nII. Na telófase os cromossomos se descondensam e uma nova carioteca surge ao redor de cada conjunto cromossômico.\nIII. A anáfase inicia-se após a desagregação da carioteca, que liberta os cromossomos altamente condensados.\nIV. A metáfase é a fase em que as cromátides-irmãs se separam, puxadas para polos opostos pelo encurtamento dos microtúbulos do fuso. \n'),(38,_binary '(Unifor-CE - Adaptado) Em organismos unicelulares, divisão por mitose significa: \nI) Crescimento\nII) Regeneração\nIII) Recombinação\nIV) Reprodução\nV) Gametogênese\n'),(39,_binary 'A mitose e a meiose são dois processos importantes que garantem a divisão das células. Sobre a meiose, julgue os itens a seguir. \nI) Na meiose são formadas quatro células-filhas.\nII) A meiose ocorre em células somáticas de animais.\nIII) Na meiose observa-se a formação de células-filhas com metade do número de cromossomos da célula-mãe.\nIV) Duas divisões celulares são observadas na meiose.\nV) Na prófase I da meiose, pode ser observado o crossing-over.\n'),(40,_binary '(UPE) As florestas de mangue são compostas por espécies arbóreas típicas, tolerantes ao sal presente na água do mar. Através de glândulas de sal,\npequenas estruturas presentes nas folhas de algumas espécies, como o mangue-preto, a árvore pode excretar sal, evitando, assim, a concentração\ndo soluto no tecido das folhas.\nComo mostrado no corte transversal de uma folha dessa espécie, observe a ilustração e indique onde está localizada a estrutura responsável por essa\nfunção.\nI. Entre 1 e 2, que correspondem à cutícula e epiderme axial.\nII. Entre 2 e 3, que correspondem a parênquima paliçádico e epiderme abaxial.\nIII. Entre 3 e 4, que correspondem à epiderme adaxial e parênquima paliçádico.\nIV. Entre 1 e 3, que correspondem à epiderme e hipoderme.\n\nEstá CORRETO o que se afirma em\n\n'),(41,_binary '(UFPR - Adaptado ) Imagine que você tenha recebido do seu nutricionista a seguinte recomendação para uma dieta: ingerir diariamente uma porção de tubérculos,raízes tuberosas, folhas verdes, frutos do tipo baga e sementes do tipo cariopse. Julgue se os itens abaixo atendem a dieta indicada.\nI) Batata. \nII) Cenoura.\nIII) Espinafre.\nIV) Uva.\n V) Milho.\n'),(42,_binary '(UFRGS - Adaptado) A planta denominada erva-de-passarinho é uma hemiparasita. Nesse caso, o tecido vegetal da árvore hospedeira, onde os elementos nutritivos são absorvidos, é o xilema. \n'),(43,_binary '(UFRPE - adaptada) Em relação aos vírus, marque “V” para verdadeiras ou “F” para falsas:\nI) (  ) O material genético é de RNA.\nII) (  ) Vírus são agentes causadores de várias doenças em seres humanos. \nIII) ( ) Possuem ribossomos e mitocôndrias essenciais e típicas de seu metabolismo e reprodução. \nIV) (  ) Proteínas compõem suas cápsulas externas. \nV) (  ) Reproduzem-se apenas no interior de células vivas.\n\n'),(44,_binary '(UDESC 2016/2) Analise as proposições com relação ao processo de especiação, formação de uma nova espécie, e assinale (V) para verdadeira e (F) para falsa.\n( ) No processo de formação das espécies um fator essencial é o isolamento geográfico.\n( ) Mecanismos pós-zigóticos podem levar ao isolamento reprodutivo, no processo de especiação.\n( ) A especiação se completa com o isolamento reprodutivo.\n( ) As mutações cromossômicas, ocorridas durante a divisão celular, não levam à formação de novas espécies.\nAssinale a alternativa que contém a sequência correta, de cima para baixo.  \n'),(45,_binary '(UFT-TO) A origem da vida parece ter ocorrido há cerca de 3.400 M.a., quando o planeta Terra teria já 1.000 a 1.500 M.a., e os seres vivos conservam em si marcas do seu passado. Atualmente, há reconhecidamente duas formas de organização celular entre os seres vivos: a célula procariótica e a célula eucariótica, que provavelmente originaram-se de organismos ancestrais, a partir de eventos evolutivos e interações com os ecossistemas em que habitavam. Qual seria a origem da diferença entre células procarióticas e eucarióticas? Até há pouco tempo, considerava-se que as células eucarióticas teriam derivado da invaginação e especialização da membrana plasmática da célula procariótica. A cientista Lynn Margulis sugeriu que a origem da célula eucariótica se deve ao desenvolvimento de associações simbióticas obrigatórias entre diferentes seres, que ocorreram em três etapas: (1) Uma célula proto-eucarionte hospedou uma bactéria aeróbia, obtendo assim a mitocôndria; (2) Esta célula proto-eucarionte hospedou uma espiroqueta obtendo assim cílios, flagelos e citoesqueleto; (3) Finalmente, esta célula proto-eucarionte hospedou uma cianobactéria e obteve assim os plastos. \n\nÉ verdadeiro que: \nI. Esta hipótese chamada Teoria Endossimbiótica é muito improvável porque a simbiose raramente ocorre na Natureza. \nII. A síntese protéica em mitocôndrias e cloroplastos não ocorre na presença de substâncias inibidoras de procariontes, como estreptomicina e cloranfenicol. \nIII. A membrana que envolve as mitocôndrias e plastos é dupla, o que sugere que a bactéria endossimbionte foi fagocitada pela célula proto-eucarionte. \nIV. Houve a aquisição de complexidade na estrutura e função da célula eucariótica em relação à célula procariótica, inclusive permitindo a maturação de proteínas.\nV. As organelas de eucariontes, mitocôndrias e plastos, não têm DNA próprio e, portanto, não podem fazer divisão autônoma. \n\nIndique a alternativa em que todas as afirmativas são verdadeiras.\n\n'),(46,_binary '(UDESC 2015/2) A organização dos componentes orgânicos nos seres vivos (com exceção dos vírus), em nível celular, pode ser de dois tipos básicos: procarióticas e eucarióticas.\n\nCom relação a estes dois tipos de células, assinale (V) para verdadeiro e (F) para falso.\n( ) Nas células eucarióticas existe uma compartimentalização para atividades específicas como, por exemplo, a digestão e o armazenamento.\n( ) Nas células eucarióticas o material genético encontra-se disperso no citoplasma.\n( ) Nas células procarióticas existem, além da membrana citoplasmática, membranas internas denominadas de endomembranas.\n( ) Em células procarióticas encontram-se além do DNA nuclear o DNA mitocondrial.\n( ) As células procarióticas são encontradas principalmente nas algas e nos fungos.\n\nAssinale a alternativa que indica a sequência correta, de cima para baixo. \n\n'),(47,_binary '(UEL-PR - Adaptado) Considere as frases a seguir.\nI. Atualmente, Rattus norvegicus ocorre em todos os continentes.\nII. As ratazanas de uma cidade vivem principalmente na rede de esgotos e nos depósitos de lixo.\nIII. Um rato branco é submetido a um experimento de fisiologia em laboratório.\nAs frases nas quais se mencionam, respectivamente, um indivíduo, uma espécie e uma população são: I, III, II.\n\n'),(48,_binary 'Marque (V) para verdadeiro ou (F) para falso:\n( ) O tecido epitelial é bem vascularizado, ou seja: é rico em vasos sanguíneos.\n(  ) O tecido muscular liso se contrai involuntariamente.\n(  ) O tecido sanguíneo é composto por plasma, eritrócitos (glóbulos brancos), leucócitos (glóbulos vermelhos) e plaquetas.\n( ) O tecido conjuntivo é dividido em tecido conjuntivo propriamente dito, adiposo, cartilaginoso, ósseo e hematopoiético. \n( ) Quanto aos neurônios, o axônio é ramificado, sendo responsável pela recepção de estímulos nervosos.\n\n'),(49,_binary '(UFOP-2009/1 - Adaptado) O corpo humano é constituído por aproximadamente 240 diferentes tipos de células, organizadas em quatro principais tecidos: epitelial, conjuntivo, muscular e nervoso. Sobre esses tecidos, julgue o item a seguir.\nI) O tecido epitelial tem origem ectodérmica e é formado por células fortemente aderidas umas às outras, o que lhes permite conferir proteção contra o atrito e contra a entrada de micro-organismos no corpo.\n'),(50,_binary '(PUC-SP - Adaptado) Os tendões são estruturas formadas, principalmente, por tecido:\nI) Ósseo\nII) Muscular\nIII) Adiposo\nIV) Conjuntivo\nV) Cartilaginoso\n'),(51,_binary 'O aluno de uma academia caminha sobre a esteira com velocidade de 6 km/h durante 20 minutos e, após esse período, passa a correr a 24 km/h por 10 minutos. Considerando o tempo total do exercício, a velocidade média desenvolvida por esse aluno, em km/h, será igual a: \n'),(52,_binary 'Três amigos, João, Marcos e Sílvia, formaram uma equipe para disputar uma maratona de revezamento na qual deveriam correr, ao todo, 42 km, sendo que cada um deveria correr 14 km. No dia da prova, João correu sua parte com velocidade média de 10 km/h; Marcos, com 6 km/h e Sílvia, com 12 km/h. Pode-se afirmar que a velocidade média da equipe, em km/h, foi de, aproximadamente,\n'),(53,_binary 'Um ornamento da fachada de um prédio se desprende e cai por 20 m até atingir um toldo. O toldo é rasgado e o objeto continua sua queda, com 10% da velocidade com a qual o atingiu, terminando finalmente sua queda ao chegar à calçada.\nSabendo que a altura do toldo até a calçada é de 3 m, que a aceleração da gravidade vale 10 m/s^2 e que a influência do ar pode ser desprezada, a velocidade com a qual o ornamento toca o chão é \n'),(54,_binary 'Os astronautas que estiveram na Lua, em 1969, comprovaram a teoria de queda dos corpos no vácuo. Como a Lua não possui atmosfera, deixaram cair, ao mesmo tempo e de uma mesma altura, uma pedra e uma pena. Puderam observar que\n'),(55,_binary '(UCB-DF) A Lei da Gravitação Universal de Newton é expressa por:\nEm que G é uma constante de proporcionalidade, M é a massa de um objeto maior, m é a massa de um objeto menor, r é a distância entre os centros de gravidade dos objetos e o sinal negativo corresponde à força atrativa. De acordo com a Lei de Gravitação Universal de Newton, se a distância entre um par de objetos é triplicada, a força é equivalente a (o):\n\n'),(56,_binary 'Sabendo que a massa de Saturno é mS = 5,69 . 10^26 kg e que a massa da Terra é mT = 6,0 . 10^24 kg, o módulo da força gravitacional entre Saturno e a Terra no momento de maior proximidade é:\n\nDados:\n• G = 6,7 . 10^–11 Nm^2 / kg^2\n• r = (distância entre eles) = 6 . 10^11 m.\n\n(Considere os cálculos decimais com apenas uma casa decimal depois da vírgula sem arredondamento. Por exemplo: para 7,49.... tem-se 7,4.)\n\n'),(57,_binary 'Marque a alternativa correta a respeito da Lei da Gravitação Universal de Newton.\n'),(58,_binary 'Em uma história de aventuras de um grupo bastante criativo de crianças, um dos personagens, utilizando uma nave espacial, foi parar entre a Terra e a Lua, numa região em que as forças de atração entre esses dois corpos celestes se igualavam. Considerando as leis da gravitação universal, a posição da nave do personagem: \n'),(59,_binary 'Quais são as condições necessárias e suficientes para que um corpo extenso fique em equilíbrio?\n'),(60,_binary 'As pessoas que utilizam objetos cujo princípio de funcionamento é o mesmo do das alavancas aplicam uma força, chamada de força potente, em um dado ponto da barra, para superar ou equilibrar uma segunda força, chamada de resistente, em outro ponto da barra. Por causa das diferentes distâncias entre os pontos de aplicação das forças, potente e resistente, os seus efeitos também são diferentes. \nA figura mostra alguns exemplos desses objetos.\n\nEm qual dos objetos a força potente é maior que a força resistente?\n'),(61,_binary 'O guindaste é um equipamento utilizado para a elevação e a movimentação de cargas e materiais pesados, assim como a ponte rolante usando o princípio da Física no qual uma ou mais máquinas simples criam vantagem mecânica para mover cargas além da capacidade humana.\nPara o guindaste do desenho, feito em escala, estime qual, entre os valores a seguir, deve ser aproximadamente a razão entre a massa do contrapeso e a massa do peso para que a haste que sustenta as massas permaneça em equilíbrio horizontal. Despreze a massa da haste de sustentação e do fio do guindaste.\n'),(62,_binary 'Indique a alternativa em que todos os itens representam forças.\n'),(63,_binary 'Indique a alternativa que apresenta unidades que são usadas exclusivamente para a definição de Força:\n'),(64,_binary 'Existem dispositivos que podem ser utilizados para medir a intensidade de uma força, como o: \n'),(65,_binary 'Suponha que sobre uma mesa haja um livro. Qual será a força que a mesa exerce sobre o livro, sabendo que a força com que a Terra o atrai é de 10 N?\n'),(66,_binary 'Em 2015 o cantor sertanejo Cristiano Araújo faleceu em um acidente automobilístico. A perícia mostrou que ele estava sem o cinto de segurança, um item de segurança de uso obrigatório. \nA utilização desse item está embasada na lei física \n'),(67,_binary 'Leia a tirinha a seguir.\nA tirinha evidencia uma situação simples envolvendo a Terceira Lei de Newton. Sobre o enunciado dessa lei, pode-se inferir que\n'),(68,_binary 'Um objeto está em repouso sobre uma mesa plana e horizontal. É correto afirmar que\n'),(69,_binary 'Dois blocos, de massas m1 = 3,0 kg e m2 = 1,0 kg, ligados por um fio inextensível, podem deslizar sem atrito sobre um plano horizontal. Esses blocos são puxados por uma força horizontal F de módulo F = 6 N, conforme a figura a seguir. (Desconsidere a massa do fio.)\nA tensão no fio que liga os dois blocos é \n'),(70,_binary 'Com um dedo, um garoto pressiona contra a parede duas moedas, de R$0,10 e R$1,00, uma sobre a outra, mantendo-as paradas. Em contato com o dedo está a moeda de R$0,10 e contra a parede está a de R$1,00. O peso da moeda de R$0,10 é 0,05 N e o da de R$1,00 é 0,09 N. A força de atrito exercida pela parede é suficiente para impedir que as moedas caiam.\nQual é a força de atrito entre a parede e a moeda de R$1,00?\n'),(71,_binary '(PUC-RS) Sobre uma caixa de massa 120 kg, atua uma força horizontal constante F de intensidade 600 N. A caixa encontra-se sobre uma superfície horizontal em um local no qual a aceleração gravitacional é 10 m/s^2. Para que a aceleração da caixa seja constante, com módulo igual a 2 m/s^2, e tenha a mesma orientação da força F, o coeficiente de atrito cinético entre a superfície e a caixa deve ser de\n'),(72,_binary 'Um carrinho de brinquedo funciona por fricção. Ao ser forçado a girar suas rodas para trás, contra uma superfície rugosa, uma mola acumula energia potencial elástica. Ao soltar o brinquedo, ele se movimenta sozinho para frente e sem deslizar. Quando o carrinho se movimenta sozinho, sem deslizar, a energia potencial elástica é convertida em energia cinética pela ação da força de atrito\n'),(73,_binary 'Um ciclista percorre 42 km com velocidade constante v, gastando t horas para fazer o percurso. Se aumentasse sua velocidade de 7 km/h, gastaria uma hora a menos para realizar o mesmo percurso. O valor da velocidade v do ciclista é de: '),(74,_binary 'No gráfico, representam-se as posições ocupadas por um corpo que se desloca numa trajetória retilínea, em função do tempo.\nPode-se, então, afirmar que o módulo da velocidade do corpo: \n'),(75,_binary 'Dirigindo em uma estrada a 126 km/h, um motorista vê uma placa que diz: \nPara passar pelo ponto de fiscalização com a velocidade máxima permitida, o motorista deve aplicar no automóvel uma aceleração, em m/s^2, em módulo igual a\n'),(76,_binary 'A interpretação fisiológica de um odor implica em julgar o quão forte, agradável ou desagradável ele é. Odores desagradáveis estão em geral associados a coisas desagradáveis. A presença de um mau odor em geral é um sinal para que se evite sua fonte.\nO quadro abaixo mostra algumas substâncias que possuem mau cheiro.\nA seguir está um relato de um site de entretenimento sobre a cidade de Toronto no Canadá:\n“(...) Frio, muito frio. Se você pensa em visitar Toronto nos meses de Janeiro e Fevereiro espere frio e neve. Aqui não neva tanto, então muitas vezes você pode chegar e não encontrar a cidade branquinha, mas espere alguns dias que ela chega As médias de temperaturas são: Janeiro, máxima de – 1°C e Mínima de -7°C e Fevereiro, máxima de 0°C, mínima de -6°C.”\nDisponível em:<http://gabynocanada.com/>. Acesso em: 21 de Ago. 2016.\n\nUma pessoa que visita a cidade de Toronto no Canadá, em suas férias escolares de Janeiro, caso entre em contato com algum desses odores, sentiria de maneira mais intensa o cheiro de\n\n'),(77,_binary 'A figura ilustra o experimento realizado por Urey e Miller para testar a hipótese da origem da vida a partir de substâncias presentes na atmosfera terrestre primitiva.\nPor quais mudanças de estado a água passa nesse experimento a partir do momento em que é aquecida?\n'),(78,_binary 'Com o objetivo de analisar a fusão e a ebulição de alguns materiais inertes entre si, foi criada a tabela a seguir.\nO experimento consistia em colocar em um recipiente uma barra de 20 g de ouro, 100 g de cloreto de sódio, 50 g de grafite, uma barra de 200 g de alumínio e um bloco de 30 g de prata e elevar a temperatura do recipiente a 1 000°C.\nCom base na tabela, encontraremos no recipiente:\n'),(79,_binary 'Na obra O poço do Visconde, de Monteiro Lobato, há o seguinte diálogo entre o Visconde de Sabugosa e a boneca Emília:\nNesse trecho, a personagem Emília usa o vocabulário informal que a caracteriza. Buscando-se uma terminologia mais adequada ao vocabulário utilizado em Química, devem-se substituir as expressões “misturinhas”, “coisa” e “carocinhos”, respectivamente, por:\n'),(80,_binary '[...] São Lourenço (pertinho de Carmo de Minas) e considerada uma das principais estâncias hidrominerais do país, reconhecida pelo valor medicinal de suas águas cristalinas e é lá que fica uma das grandes atrações do Circuito: o Parque das Águas, que recebe em média 512 mil turistas por ano. Ele concentra nove fontes de águas minerais, entre elas a Fonte Oriente, onde se origina a água pura, cristalina e naturalmente gasosa. [...]\nREDAÇÃO Where Curitiba. Massa News, 18 jul. 2016. Disponível em: <http://massanews. com>. Acesso em: 24 nov. 2016.\n\nPodemos afirmar que a água da fonte Oriente é\n\n'),(81,_binary '[CEFET-ADAPTADA] Em um motor à combustão realizou-se lentamente a queima de 20Kg de um líquido inflamável. Todos os produtos obtidos nesse processo estavam no estado gasoso e foram armazenados em um reservatório fechado e sem qualquer vazamento. Ao final, constatou-se que a massa dos produtos foi maior do que a massa do combustível que havia sido adicionada.\n'),(82,_binary 'Uma curiosa passagem de um tratado atribuído a Luciano de Samosata, pensador do século II, dizia: “se eu queimar mil minas* de madeira, quantas minas de fumaça daí resultarão?”. A resposta era: “pesa as cinzas, e todo o resto é o peso da fumaça.”.\nDisponível em: <https://digitais-dsp.uc.pt/>. Acesso em: 22 jan. 2016 (Adaptação).\n\n*Antiga medida de massa que equivale a, aproximadamente 432 g.\n\nDe acordo com o pensador, para se determinar a massa de fumaça produzida na queima, bastava subtrair a massa das cinzas da massa de mil minas de madeira. Esse modo de determinação da massa da fumaça contraria a Lei de Lavoisier porque a \n\n'),(83,_binary 'Baseado em experiências com cargas elétricas, o cientista inglês Joseph John Thomson, no final do século XIX, concluiu que o átomo não era exatamente como sugeriu John Dalton. A experiência que levou à elaboração do modelo atômico de Thomson consistiu na emissão de raios catódicos que eram atraídos pelo pólo positivo de um campo elétrico externo.\nDisponível em:http://educacao.globo.com. Acesso em: 18 nov. 2015. (Adaptação).\n\nEssa experiência realizada por Thomson descartou um dos postulados propostos por Dalton. Esse postulado considerava que o átomo era\n\n'),(84,_binary 'A figura seguinte representa um fenômeno ocorrido ao atritar um pente em uma flanela e depois aproximá-lo de papel picado pelo fato de o pente ficar eletrizado por atrito.\nDisponível em: <http://www.ebah.com.br>. Acesso em: 21 set. 2017.\n\nTendo em vista a evolução dos modelos atômicos, de Dalton até o modelo atual, o primeiro modelo que explica o fenômeno da eletrização é o de\n\n'),(85,_binary 'No teste de chama, sais absorvem energia em forma de calor, e essa energia provoca a excitação dos elétrons, forçando-os a realizar o salto quântico. Ao retornarem ao seu estado inicial de energia, liberam fótons de luz de cores características a cada elemento.\nNa tabela a seguir, estão relacionadas as cores da radiação eletromagnética emitida por alguns dos elementos mais comuns utilizados em testes de chama:\nA posição desses elementos pode ser verificada no seguinte esboço da tabela periódica:\n\nSuponha que um professor realizou a experiência do teste de chama em sala de aula utilizando um sal do metal alcalino terroso de maior raio atômico. Nesse caso, qual é a cor produzida no experimento? \n'),(86,_binary 'A energia de ionização é definida como a energia mínima necessária para remover um elétron de um átomo no estado fundamental em fase gasosa. A primeira energia de ionização é a energia necessária para a remoção do primeiro elétron de um átomo; a segunda energia de ionização é a energia requerida para remoção do segundo elétron e assim por diante. A variação da energia de ionização é crescente, ou seja, aumenta à medida que se retiram elétrons da camada de valência, por causa do aumento na atração exercida pelos prótons do núcleo. Assim, quando uma camada é completamente esvaziada e passa-se para a próxima camada, ocorre um aumento brusco da energia de ionização. Observe o gráfico a seguir:\nConsiderando o gráfico apresentado, é possível afirmar que se trata dos dados de energia de ionização de um elemento da família do(s) \n'),(87,_binary 'Os metais de transição externa, comumente conhecidos como metais de transição, estão dispostos na tabela periódica entre a família dos metais alcalinos terrosos e a família do boro. A seguir está representando um trecho sequencial da tabela periódica contendo alguns elementos deste bloco: cromo, manganês, ferro, molibdênio, tecnécio e rutênio.\nO elemento que pertence ao mesmo período do manganês, mas tem o raio atômico maior que ele, é o\n'),(88,_binary 'O xenônio é um gás inodoro, muito pesado e incolor, encontrado como traço na atmosfera terrestre. Sua principal aplicação é na fabricação de dispositivos emissores de luz, nos quais é produzida uma luz azul-esverdeada, como lâmpadas estroboscópicas, lâmpadas bactericidas e outros. Ele possui também diversas outras utilizações, como:\n• Anestésico em anestesia geral;\n• Radiotraçador utilizado em métodos diagnósticos de tromboembolismo pulmonar (na forma do isótopo Xe-133);\n• Na projeção de foguetes espaciais, na forma de íons de xenônio formados em um acelerador de partículas;\n• Em instalações nucleares, câmaras de bolha, sondas e outros aparatos em que seu alto peso molecular é desejável;\n• Na obtenção dos displays de plasma para os televisores modernos.\n\nUm pesquisador decidiu encontrar na tabela periódica um gás com as mesmas propriedades do xenônio, porém com menor energia de ionização. Para tal, ele analisou dois grupos da tabela periódica que concentram a maioria dos elementos gasosos\nE concluiu que, entre esses, o elemento que buscava era o\n'),(89,_binary '(1000 questões de química - p.60)\nO entendimento de como as ligações químicas se formam é um dos assuntos fundamentais da ciência. A partir desses fundamentos, pode-se entender como são desenvolvidos novos materiais. Por exemplo, de acordo com a regra do octeto, na formação de uma ligação covalente, os átomos tendem a completar seus octetos pelo compartilhamento de elétrons (atingir a configuração de gás nobre). Porém, quando o átomo central de uma molécula tem orbitais d vazios, ele pode acomodar 10, 12 ou até mais elétrons. Os elétrons dessa camada de valência expandida podem estar como pares isolados ou podem ser usados pelo átomo central para fazerem ligações.\n\nA estrutura que representa uma molécula com o octeto expandido (exceção à regra do octeto) é:\n\n'),(90,_binary 'A figura a seguir traz um modelo da estrutura microscópica de determinada substância no estado sólido, estendendo-se pelas três dimensões do espaço. Nesse modelo, cada esfera representa um átomo e cada bastão, uma ligação química entre dois átomos.\nA substância representada por esse modelo tridimensional pode ser\n'),(91,_binary 'O modelo de ligação iônica e de ligação covalente são dois extremos que ajudam a explicar as ligações químicas. Em muitos compostos, entretanto, as ligações apresentam propriedades entre esses dois extremos. Como regra geral, podemos considerar que uma ligação química possui caráter predominantemente iônico quando a diferença de eletronegatividade dos elementos envolvidos é superior a 1,7. Já quando a diferença é menor que 1,7, o caráter da ligação é predominantemente covalente. Com base nessas informações e na tabela de eletronegatividade abaixo, o caráter da ligação formada entre alumínio (Al) e fósforo (P) é predominantemente\n'),(92,_binary 'Um dos métodos de extermínio, em massa, em campos de concentração nazistas era a câmara de gás. As principais vítimas eram idosos, crianças e inaptos ao trabalho. Um dos gases utilizados para tal fim era o gás cianídrico, HCN, que tem cheiro de amêndoas amargas e que entre cinco a trinta segundos após a sua aspiração, 0,3 mg por litro de ar, produz inconsciência, levando à morte entre três a quatro minutos.\nA toxidez do HCN deve-se à sua capacidade de inibir a enzima citocromo oxidase, fundamental para as células consumirem o gás oxigênio (O2) transportado pelo sangue. O íon cianeto (CN−) provoca a parada da respiração celular. \n\nDas espécies químicas citadas no texto,\n\n'),(93,_binary 'A relativa biodegradabilidade dos hidrocarbonetos tem sido reportada (em ordem de decréscimo de degradabilidade): alcanos lineares (C10 a C19), gases (C2 a C4), alcanos (C5 a C9), alcanos ramificados com até 12 carbonos, alcenos (C3 a C11), alcenos ramificados, aromáticos e cicloalcanos.\nDisponível em: http://www.pgcisolo.agrarias.ufpr.br. Acesso em: 03 de Abr. 2017.\nUm posto de combustíveis apresentou um vazamento de gasolina que contaminou o solo de suas imediações. Com o objetivo de biorremediar os danos ambientais provocados por infiltração do combustível no solo, foram utilizados microorganismos – bactérias e fungos – que digerem o material contaminante quebrando as moléculas dos hidrocarbonetos transformando-os em substâncias presentes na natureza: água e gás carbônico. Dos componentes da gasolina, o que sofrerá degradação mais rapidamente está\nrepresentado em:\n'),(94,_binary 'De maneira geral, detergentes biodegradáveis são facilmente transformados por organismos decompositores que vivem na natureza, produzindo substâncias que são melhor assimiladas pelo meio ambiente. A fórmula genérica dos detergentes biodegradáveis pode ser dada por:\n\nJá um detergente não biodegradável apresenta comportamento contrário, contribuindo para o acúmulo de resíduos na natureza. A fórmula genérica dos detergentes não biodegradáveis pode ser dada por:\n\nQuimicamente, a diferença entre as moléculas de um detergente biodegradável para um não biodegradável está na(o)\n'),(95,_binary 'Um dos materiais dos CDs e DVDs é o policarbonato, cuja fórmula está representada abaixo.\nEsse polímero possui \n'),(96,_binary 'O hidrocarboneto representado pela estrutura química a seguir pode ser isolado a partir das folhas ou das flores de determinadas plantas. Além disso, sua função é relacionada, entre outros fatores, a seu perfil de instaurações.\n\nConsiderando esse perfil específico, quantas ligações Pi a molécula contém? \n'),(97,_binary 'O hidróxido de lítio sólido é usado em veículos espaciais para remover o dióxido de carbono exalado. O hidróxido de lítio reage com o dióxido de carbono para formar carbonato de lítio e água.\n\nLiOH + CO2→ Li2CO3 + H2O\n\nSupondo que um tripulante exale 44,8 L de CO2/dia, qual o valor aproximado do consumo mensal de hidróxido de lítio?\n\nDados: Volume dos gases nas CNTP = 22,4 L/mol; MMLiOH= 24 g/mol.'),(98,_binary 'O ferro é um metal utilizado pelo homem na produção de diversos utensílios desde a Pré-história. Esse elemento apresenta massa molar igual a 56 g/mol e encontra-se na natureza principalmente na forma do minério hematita\n(Fe2O3), de massa molar igual a 160 g/mol. O método industrial mais utilizado para a obtenção do ferro a partir desse minério acontece em um\nalto-forno, no qual ocorrem as etapas balanceadas a seguir:\n\nI. 3 Fe2O3 + CO → 2 Fe3O4 + CO2\nII. Fe3O4 + CO → 3 FeO + CO2\nIII. FeO + CO → Fe + CO2\n\nUma amostra de 1 kg de hematita com 16% de pureza foi colocada no alto-forno, reagindo completamente com o CO, em excesso. Na etapa II, o Fe3O4 produzido na etapa I também reagiu completamente com o CO em excesso. Na etapa III, com o CO ainda em excesso, a reação apresentou rendimento de 100%. A quantidade de ferro metálico produzida ao final da etapa III foi de\n'),(99,_binary ' [UFLA] Quando o nitrato de amônio decompõe-se termicamente, produz-se gás hilariante (N2O) e água. Se a decomposição de 100 g de NH4NO3 impuro fornece 44 g de N2O, a pureza do nitrato de amônio é:\n(Dados: N = 14; H = 1 ; O = 16.)\nNH4NO3 → N2O + H2O\n'),(100,_binary 'A espectrometria de massas, desenvolvida, dentre outros cientistas, por Aston em 1919, proporcionou um grande avanço na pesquisa científica. Além de possuir outras aplicações, é por meio dela que é possível determinar a massa atômica de elementos que possuem diversos isótopos. Considere o elemento X cuja massa atômica seja de 69,7 u. Ao analisar um gráfico do\nespectro de massa dos isótopos desse elemento, um aluno anotou em seu caderno de laboratório os seguintes dados:\n\nIsótopo X^69 = 68,9 u\nIsótopo X^71 = 70,9 u\n\nAo calcular o percentual de abundância do isótopo mais leve, o aluno encontrou o valor \n\n');
/*!40000 ALTER TABLE `questao` ENABLE KEYS */;
UNLOCK TABLES;

--
-- Table structure for table `questionario`
--

DROP TABLE IF EXISTS `questionario`;
/*!40101 SET @saved_cs_client     = @@character_set_client */;
/*!50503 SET character_set_client = utf8mb4 */;
CREATE TABLE `questionario` (
  `id_questionario` int NOT NULL AUTO_INCREMENT,
  `num_questoes` int NOT NULL,
  `id_tema` int NOT NULL,
  PRIMARY KEY (`id_questionario`),
  KEY `id_tema` (`id_tema`),
  CONSTRAINT `questionario_ibfk_1` FOREIGN KEY (`id_tema`) REFERENCES `tema` (`id_tema`)
) ENGINE=InnoDB DEFAULT CHARSET=utf8mb4 COLLATE=utf8mb4_0900_ai_ci;
/*!40101 SET character_set_client = @saved_cs_client */;

--
-- Dumping data for table `questionario`
--

LOCK TABLES `questionario` WRITE;
/*!40000 ALTER TABLE `questionario` DISABLE KEYS */;
/*!40000 ALTER TABLE `questionario` ENABLE KEYS */;
UNLOCK TABLES;

--
-- Table structure for table `questionario_questao`
--

DROP TABLE IF EXISTS `questionario_questao`;
/*!40101 SET @saved_cs_client     = @@character_set_client */;
/*!50503 SET character_set_client = utf8mb4 */;
CREATE TABLE `questionario_questao` (
  `id_questao` int NOT NULL,
  `id_questionario` int NOT NULL,
  PRIMARY KEY (`id_questao`,`id_questionario`),
  KEY `id_questionario` (`id_questionario`),
  CONSTRAINT `questionario_questao_ibfk_1` FOREIGN KEY (`id_questao`) REFERENCES `questao` (`id_questao`),
  CONSTRAINT `questionario_questao_ibfk_2` FOREIGN KEY (`id_questionario`) REFERENCES `questionario` (`id_questionario`)
) ENGINE=InnoDB DEFAULT CHARSET=utf8mb4 COLLATE=utf8mb4_0900_ai_ci;
/*!40101 SET character_set_client = @saved_cs_client */;

--
-- Dumping data for table `questionario_questao`
--

LOCK TABLES `questionario_questao` WRITE;
/*!40000 ALTER TABLE `questionario_questao` DISABLE KEYS */;
/*!40000 ALTER TABLE `questionario_questao` ENABLE KEYS */;
UNLOCK TABLES;

--
-- Table structure for table `tema`
--

DROP TABLE IF EXISTS `tema`;
/*!40101 SET @saved_cs_client     = @@character_set_client */;
/*!50503 SET character_set_client = utf8mb4 */;
CREATE TABLE `tema` (
  `id_tema` int NOT NULL AUTO_INCREMENT,
  `link_video` blob NOT NULL,
  `assunto` varchar(255) NOT NULL,
  `resumo` blob NOT NULL,
  `id_disciplina` int NOT NULL,
  PRIMARY KEY (`id_tema`),
  KEY `id_disciplina` (`id_disciplina`),
  CONSTRAINT `tema_ibfk_1` FOREIGN KEY (`id_disciplina`) REFERENCES `disciplina` (`id_disciplina`)
) ENGINE=InnoDB DEFAULT CHARSET=utf8mb4 COLLATE=utf8mb4_0900_ai_ci;
/*!40101 SET character_set_client = @saved_cs_client */;

--
-- Dumping data for table `tema`
--

LOCK TABLES `tema` WRITE;
/*!40000 ALTER TABLE `tema` DISABLE KEYS */;
/*!40000 ALTER TABLE `tema` ENABLE KEYS */;
UNLOCK TABLES;

--
-- Table structure for table `usuario`
--

DROP TABLE IF EXISTS `usuario`;
/*!40101 SET @saved_cs_client     = @@character_set_client */;
/*!50503 SET character_set_client = utf8mb4 */;
CREATE TABLE `usuario` (
  `id_usuario` int NOT NULL AUTO_INCREMENT,
  `nome` varchar(50) NOT NULL,
  `sobrenome` varchar(255) NOT NULL,
  `data_nascimento` date NOT NULL,
  `senha` varchar(255) NOT NULL,
  `email` varchar(100) NOT NULL,
  PRIMARY KEY (`id_usuario`)
) ENGINE=InnoDB DEFAULT CHARSET=utf8mb4 COLLATE=utf8mb4_0900_ai_ci;
/*!40101 SET character_set_client = @saved_cs_client */;

--
-- Dumping data for table `usuario`
--

LOCK TABLES `usuario` WRITE;
/*!40000 ALTER TABLE `usuario` DISABLE KEYS */;
/*!40000 ALTER TABLE `usuario` ENABLE KEYS */;
UNLOCK TABLES;
/*!40103 SET TIME_ZONE=@OLD_TIME_ZONE */;

/*!40101 SET SQL_MODE=@OLD_SQL_MODE */;
/*!40014 SET FOREIGN_KEY_CHECKS=@OLD_FOREIGN_KEY_CHECKS */;
/*!40014 SET UNIQUE_CHECKS=@OLD_UNIQUE_CHECKS */;
/*!40101 SET CHARACTER_SET_CLIENT=@OLD_CHARACTER_SET_CLIENT */;
/*!40101 SET CHARACTER_SET_RESULTS=@OLD_CHARACTER_SET_RESULTS */;
/*!40101 SET COLLATION_CONNECTION=@OLD_COLLATION_CONNECTION */;
/*!40111 SET SQL_NOTES=@OLD_SQL_NOTES */;

-- Dump completed on 2021-02-17 12:14:56
